Type,From,To,Callsign,Number,Aircraft,Company,Scheduled
Departure,MDW,BED,N125XP,N1 25XP,Hawker 800,Unknown/Private owner,2025-12-30T11:18:00Z
Departure,MDW,TEB,LN125XP,LN 125XP,Hawker 800,Libyan Airlines,2025-12-30T11:18:00Z
Departure,MDW,HOU,SWA2583,WN 2583,Boeing 737 MAX 8,Southwest,2025-12-30T11:00:00Z
Departure,MDW,LAS,SWA4123,WN 4123,Boeing 737 MAX 8,Southwest,2025-12-30T11:10:00Z
Departure,MDW,DEN,SWA1418,WN 1418,Boeing 737-700,Southwest,2025-12-30T11:15:00Z
Departure,MDW,HPN,EJA646,1I 646,Cessna 680A Citation Latitude,NetJets Aviation,2025-12-30T10:42:00Z
Departure,MDW,DAL,SWA2464,WN 2464,Boeing 737 MAX 8,Southwest,2025-12-30T11:20:00Z
Departure,MDW,MCO,SWA1082,WN 1082,Boeing 737-800,Southwest,2025-12-30T11:20:00Z
Departure,MDW,BNA,SWA1044,WN 1044,Boeing 737-800,Southwest,2025-12-30T11:25:00Z
Departure,MDW,BOS,SWA4825,WN 4825,Boeing 737 MAX 8,Southwest,2025-12-30T11:30:00Z
Departure,MDW,PHX,SWA1694,WN 1694,Boeing 737-800,Southwest,2025-12-30T11:00:00Z
Departure,MDW,BWI,SWA1711,WN 1711,Boeing 737 MAX 8,Southwest,2025-12-30T11:45:00Z
Departure,MDW,DCA,SWA2395,WN 2395,Boeing 737-700,Southwest,2025-12-30T11:50:00Z
Departure,MDW,FLL,SWA3705,WN 3705,Boeing 737-700,Southwest,2025-12-30T11:55:00Z
Departure,MDW,LAX,SWA2159,WN 2159,Boeing 737-800,Southwest,2025-12-30T11:45:00Z
Departure,MDW,TPA,SWA3792,WN 3792,Boeing 737-700,Southwest,2025-12-30T11:10:00Z
Departure,MDW,CLE,EJA507,1I 507,Cessna 680A Citation Latitude,NetJets Aviation,2025-12-30T12:24:00Z
Departure,MDW,PHL,SWA3855,WN 3855,Boeing 737-800,Southwest,2025-12-30T12:15:00Z
Departure,MDW,ATL,DAL1285,DL 1285,Boeing 717,Delta Air Lines,2025-12-30T12:00:00Z
Departure,MDW,MCI,SWA3513,WN 3513,Boeing 737-700,Southwest,2025-12-30T12:00:00Z
Departure,MDW,SAN,SWA203,WN 203,Boeing 737-800,Southwest,2025-12-30T12:05:00Z
Departure,MDW,ATL,FFT2292,F9 2292,Airbus A321 (Sharklets),Frontier,2025-12-30T12:14:00Z
Departure,MDW,LGA,SWA3719,WN 3719,Boeing 737 MAX 8,Southwest,2025-12-30T12:10:00Z
Departure,MDW,SUS,EJA542,1I 542,Cessna 680A Citation Latitude,NetJets Aviation,2025-12-30T12:36:00Z
Departure,MDW,TVC,EJA267,1I 267,Bombardier Challenger 600,NetJets Aviation,2025-12-30T12:30:00Z
Departure,MDW,RSW,SWA3770,WN 3770,Boeing 737 MAX 8,Southwest,2025-12-30T12:55:00Z
Departure,MDW,FCM,EJA739,1I 739,Bombardier Challenger 350,NetJets Aviation,2025-12-30T13:06:00Z
Departure,MDW,LAS,SWA2251,WN 2251,Boeing 737,Southwest,2025-12-30T13:20:00Z
Departure,MDW,BHM,SWA894,WN 894,Boeing 737 MAX 8,Southwest,2025-12-30T13:45:00Z
Departure,MDW,OMA,SWA1186,WN 1186,Boeing 737 MAX 8,Southwest,2025-12-30T13:45:00Z
Departure,MDW,MCO,SWA1523,WN 1523,Boeing 737-800,Southwest,2025-12-30T13:40:00Z
Departure,MDW,DFW,FFT1887,F9 1887,Airbus A320 (Sharklets),Frontier,2025-12-30T14:00:00Z
Departure,MDW,DFW,FFT1887,F9 1887,Airbus A320 (Sharklets),Frontier,2025-12-30T14:00:00Z
Departure,MDW,ASE,LXJ320,LXJ 320,E545,Flexjet,2025-12-30T13:00:00Z
Departure,MDW,STL,SWA2591,WN 2591,Boeing 737-700,Southwest,2025-12-30T13:55:00Z
Departure,MDW,MSY,SWA2232,WN 2232,Boeing 737 MAX 8,Southwest,2025-12-30T13:45:00Z
Departure,MDW,SLC,SWA1470,WN 1470,Boeing 737-800,Southwest,2025-12-30T13:45:00Z
Departure,MDW,ATL,SWA862,WN 862,Boeing 737-800,Southwest,2025-12-30T12:30:00Z
Departure,MDW,MSP,SWA1983,WN 1983,Boeing 737-700,Southwest,2025-12-30T13:50:00Z
Departure,MDW,OAK,SWA2376,WN 2376,Boeing 737 MAX 8,Southwest,2025-12-30T13:50:00Z
Departure,MDW,TUS,SWA3895,WN 3895,Boeing 737-800,Southwest,2025-12-30T14:00:00Z
Departure,MDW,SJC,SWA781,WN 781,Boeing 737 MAX 8,Southwest,2025-12-30T14:00:00Z
Departure,MDW,SAT,SWA424,WN 424,Boeing 737 MAX 8,Southwest,2025-12-30T13:45:00Z
Departure,MDW,MEM,SWA1646,WN 1646,Boeing 737-700,Southwest,2025-12-30T13:50:00Z
Departure,MDW,HOU,SWA3709,WN 3709,Boeing 737-800,Southwest,2025-12-30T14:05:00Z
Departure,MDW,SLN,N817BA,N8 17BA,Beech B200 Super King Air,Unknown/Private owner,2025-12-30T14:30:00Z
Departure,MDW,AUS,SWA3442,WN 3442,Boeing 737-700,Southwest,2025-12-30T13:55:00Z
Departure,MDW,PHX,SWA2084,WN 2084,Boeing 737 MAX 8,Southwest,2025-12-30T13:45:00Z
Departure,MDW,TPA,SWA3793,WN 3793,Boeing 737 MAX 8,Southwest,2025-12-30T13:50:00Z
Departure,MDW,LAX,SWA3406,WN 3406,Boeing 737 MAX 8,Southwest,2025-12-30T14:10:00Z
Departure,MDW,MIA,SWA3736,WN 3736,Boeing 737-800,Southwest,2025-12-30T14:10:00Z
Departure,MDW,PVD,SWA4850,WN 4850,Boeing 737-800,Southwest,2025-12-30T15:35:00Z
Departure,MDW,DEN,SWA3697,WN 3697,Boeing 737 MAX 8,Southwest,2025-12-30T14:00:00Z
Departure,MDW,LAS,LXJ557,LXJ 557,Bombardier Challenger 350,Flexjet,2025-12-30T14:08:00Z
Departure,MDW,EKI,N770XJ,N7 70XJ,Cessna 750 Citation X,Unknown/Private owner,2025-12-30T14:53:00Z
Departure,MDW,EWR,FFT1414,F9 1414,Airbus A320 NEO,Frontier,2025-12-30T13:44:00Z
Departure,MDW,ATL,SWA939,WN 939,Boeing 737-700,Southwest,2025-12-30T14:40:00Z
Departure,MDW,GRB,EJA631,1I 631,Cessna 680A Citation Latitude,NetJets Aviation,2025-12-30T14:06:00Z
Departure,MDW,SJD,VJA359,VJA 359,Bombardier Challenger 350,VJA,2025-12-30T15:00:00Z
Departure,MDW,DAL,SWA2099,WN 2099,Boeing 737-700,Southwest,2025-12-30T13:50:00Z
Departure,MDW,SRQ,LKF53,LKF 53,Cessna 525B Citation CJ3,Aviation Advisor,2025-12-30T14:30:00Z
Departure,MDW,CUN,SWA220,WN 220,Boeing 737,Southwest,2025-12-30T14:35:00Z
Departure,MDW,SJC,JTL15,JL 15,Bombardier Challenger 300,Jet Linx Aviation,2025-12-30T14:30:00Z
Departure,MDW,LGA,SWA915,WN 915,Boeing 737-800,Southwest,2025-12-30T14:35:00Z
Departure,MDW,SLN,N817BA,N8 17BA,Beech B200 Super King Air,Unknown/Private owner,2025-12-30T15:18:00Z
Departure,MDW,PHX,SWA2049,WN 2049,Boeing 737-800,Southwest,2025-12-30T14:55:00Z
Departure,MDW,DCA,SWA1094,WN 1094,Boeing 737-700,Southwest,2025-12-30T15:25:00Z
Departure,MDW,CMH,SWA2170,WN 2170,Boeing 737-700,Southwest,2025-12-30T15:35:00Z
Departure,MDW,PIT,SWA2155,WN 2155,Boeing 737-700,Southwest,2025-12-30T15:30:00Z
Departure,MDW,BDL,SWA275,WN 275,Boeing 737 MAX 8,Southwest,2025-12-30T15:50:00Z
Departure,MDW,CLE,SWA2497,WN 2497,Boeing 737-800,Southwest,2025-12-30T15:35:00Z
Departure,MDW,ATL,DAL1063,DL 1063,Boeing 717,Delta Air Lines,2025-12-30T15:50:00Z
Departure,MDW,VRB,LXJ658,LXJ 658,Gulfstream Aerospace G650,Flexjet,2025-12-30T15:30:00Z
Departure,MDW,BUF,SWA4498,WN 4498,Boeing 737-800,Southwest,2025-12-30T15:30:00Z
Departure,MDW,CWA,EJA795,1I 795,Bombardier Challenger 350,NetJets Aviation,2025-12-30T14:30:00Z
Departure,MDW,CLT,SWA3528,WN 3528,Boeing 737-700,Southwest,2025-12-30T15:45:00Z
Departure,MDW,IND,SWA2789,WN 2789,Boeing 737-800,Southwest,2025-12-30T15:45:00Z
Departure,MDW,BNA,SWA127,WN 127,Boeing 737-700,Southwest,2025-12-30T15:40:00Z
Departure,MDW,MCO,SWA4841,WN 4841,Boeing 737 MAX 8,Southwest,2025-12-30T15:30:00Z
Departure,MDW,BDL,SWA275,WN 275,Boeing 737 MAX 8,Southwest Airlines,2025-12-30T16:13:00Z
Departure,MDW,PHL,SWA3290,WN 3290,Boeing 737-800,Southwest,2025-12-30T15:35:00Z
Departure,MDW,SDF,SWA1731,WN 1731,Boeing 737-700,Southwest,2025-12-30T15:30:00Z
Departure,MDW,BOS,SWA3678,WN 3678,Boeing 737-800,Southwest,2025-12-30T15:35:00Z
Departure,MDW,BTL,EJA412,1I 412,Embraer Pheom 300,NetJets Aviation,2025-12-30T15:00:00Z
Departure,MDW,DTW,SWA3702,WN 3702,Boeing 737 MAX 8,Southwest,2025-12-30T15:30:00Z
Departure,MDW,BWI,SWA1743,WN 1743,Boeing 737-700,Southwest,2025-12-30T15:45:00Z
Departure,MDW,DTW,DAL5157,DL 5157,Canadair CRJ-701ER,Delta Air Lines,2025-12-30T15:29:00Z
Departure,MDW,ORF,SWA3592,WN 3592,Boeing 737 MAX 8,Southwest,2025-12-30T15:45:00Z
Departure,MDW,RDU,SWA1108,WN 1108,Boeing 737 MAX 8,Southwest,2025-12-30T15:40:00Z
Departure,MDW,SJD,VJA359,VJA 359,Bombardier Challenger 350,VJA,2025-12-30T16:26:00Z
Departure,MDW,MRK,JRE852,JRE 852,Cessna 560 Citation Excel,JRE,2025-12-30T16:30:00Z
Departure,MDW,SRQ,SWA3611,WN 3611,Boeing 737-800,Southwest,2025-12-30T15:00:00Z
Departure,MDW,PSP,SWA1752,WN 1752,Boeing 737 MAX 8,Southwest,2025-12-30T15:50:00Z
Departure,MDW,GRR,SWA2825,WN 2825,Boeing 737-800,Southwest,2025-12-30T15:45:00Z
Departure,MDW,PGD,AAY2498,G4 2498,Airbus A320,Allegiant Air,2025-12-30T15:43:00Z
Departure,MDW,STL,SWA3788,WN 3788,Boeing 737-800,Southwest,2025-12-30T16:00:00Z
Departure,MDW,LGA,SWA1603,WN 1603,Boeing 737 MAX 8,Southwest,2025-12-30T16:35:00Z
Departure,MDW,ALB,SWA139,WN 139,Boeing 737 MAX 8,Southwest,2025-12-30T16:00:00Z
Departure,MDW,YTZ,PD 2388,PD 2388,Bombardier Dash 8 Q400 / DHC-8-400,Porter,2025-12-30T17:00:00Z
Departure,MDW,LGA,SWA1603,WN 1603,Boeing 737 MAX 8,Southwest Airlines,2025-12-30T17:04:00Z
Departure,MDW,ONT,SWA2838,WN 2838,Boeing 737-700,Southwest,2025-12-30T16:20:00Z
Departure,MDW,JAX,SWA3721,WN 3721,Boeing 737 MAX 8,Southwest,2025-12-30T16:45:00Z
Departure,MDW,LAS,SWA3162,WN 3162,Boeing 737 MAX 8,Southwest,2025-12-30T16:40:00Z
Departure,MDW,COS,SWA2377,WN 2377,Boeing 737-700,Southwest,2025-12-30T17:00:00Z
Departure,MDW,BUR,SWA3252,WN 3252,Boeing 737-700,Southwest,2025-12-30T17:15:00Z
Departure,MDW,DEN,SWA1190,WN 1190,Boeing 737 MAX 8,Southwest,2025-12-30T16:50:00Z
Departure,MDW,MRK,JRE852,JRE 852,Cessna 560 Citation Excel,JRE,2025-12-30T17:23:00Z
Departure,MDW,LAN,EJA537,1I 537,Cessna 680A Citation Latitude,NetJets Aviation,2025-12-30T14:54:00Z
Departure,MDW,PHX,Y4 2234,Y4 2234,Airbus A320,Volaris,2025-12-30T17:29:00Z
Departure,MDW,ABQ,SWA3443,WN 3443,Boeing 737-800,Southwest,2025-12-30T17:05:00Z
Departure,MDW,SAN,N45EG,N4 5EG,Dassault Falcon,Unknown/Private owner,2025-12-30T17:32:00Z
Departure,MDW,AUS,SWA1753,WN 1753,Boeing 737 MAX 8,Southwest,2025-12-30T17:05:00Z
Departure,MDW,PHX,SWA149,WN 149,Boeing 737 MAX 8,Southwest,2025-12-30T17:00:00Z
Departure,MDW,MSP,SWA4313,WN 4313,Boeing 737,Southwest,2025-12-30T17:40:00Z
Departure,MDW,OMA,SWA4016,WN 4016,Boeing 737-800,Southwest,2025-12-30T17:35:00Z
Departure,MDW,SAN,SWA644,WN 644,Boeing 737 MAX 8,Southwest,2025-12-30T17:35:00Z
Departure,MDW,MSP,DAL3778,DL 3778,Embraer 175,Delta Air Lines,2025-12-30T17:48:00Z
Departure,MDW,SMF,SWA4346,WN 4346,Boeing 737-800,Southwest,2025-12-30T17:30:00Z
Departure,MDW,AGU,VOI5983,Y4 5983,Airbus A320 NEO,Volaris,2025-12-30T17:00:00Z
Departure,MDW,MCI,SWA1699,WN 1699,Boeing 737-700,Southwest,2025-12-30T18:05:00Z
Departure,MDW,ICT,EJA694,1I 694,Cessna 680A Citation Latitude,NetJets Aviation,2025-12-30T18:51:00Z
Departure,MDW,BWI,SWA3204,WN 3204,Boeing 737 MAX 8,Southwest,2025-12-30T17:20:00Z
Departure,MDW,PHX,FFT1735,F9 1735,Airbus A320 NEO,Frontier,2025-12-30T17:29:00Z
Departure,MDW,ZCL,VOI7831,Y4 7831,Airbus A320 NEO,Volaris,2025-12-30T18:42:00Z
Departure,MDW,JAC,EJM110,EJM 110,Bombardier Challenger 600,Executive Jet Management,2025-12-30T16:35:00Z
Departure,MDW,RSW,SWA3771,WN 3771,Boeing 737 MAX 8,Southwest,2025-12-30T18:00:00Z
Departure,MDW,ATL,DAL2417,DL 2417,Boeing 717,Delta Air Lines,2025-12-30T18:45:00Z
Departure,MDW,LGA,SWA3722,WN 3722,Boeing 737-800,Southwest,2025-12-30T18:55:00Z
Departure,MDW,DEN,SWA4535,WN 4535,Boeing 737-800,Southwest,2025-12-30T18:55:00Z
Departure,MDW,GRB,EJA690,1I 690,Cessna 680A Citation Latitude,NetJets Aviation,2025-12-30T19:00:00Z
Departure,MDW,BNA,SWA4130,WN 4130,Boeing 737-800,Southwest,2025-12-30T17:45:00Z
Departure,MDW,TPA,SWA3795,WN 3795,Boeing 737-800,Southwest,2025-12-30T19:10:00Z
Departure,MDW,MCO,SWA4198,WN 4198,Boeing 737-700,Southwest,2025-12-30T19:20:00Z
Departure,MDW,DCA,SWA3808,WN 3808,Boeing 737-800,Southwest,2025-12-30T18:10:00Z
Departure,MDW,SFO,SWA197,WN 197,Boeing 737-800,Southwest,2025-12-30T19:25:00Z
Departure,MDW,LAS,SWA3182,WN 3182,Boeing 737-700,Southwest,2025-12-30T19:45:00Z
Departure,MDW,FWA,N357PT,N3 57PT,Gulfstream G280,Unknown/Private owner,2025-12-30T20:00:00Z
Departure,MDW,ELP,SWA3704,WN 3704,Boeing 737-800,Southwest,2025-12-30T19:50:00Z
Departure,MDW,SEA,SWA2840,WN 2840,Boeing 737-800,Southwest,2025-12-30T18:40:00Z
Departure,MDW,PVD,SCW4970,SCW 4970,Canadair CRJ 200,SCW,2025-12-30T20:10:00Z
Departure,MDW,LGB,SWA4696,WN 4696,Boeing 737-800,Southwest,2025-12-30T19:30:00Z
Departure,MDW,MEM,DAL8844,DL 8844,Boeing 757,Delta Air Lines,2025-12-30T19:45:00Z
Departure,MDW,MEM,DAL8844,9E 8844,Boeing 757,Endeavor Air,2025-12-30T19:45:00Z
Departure,MDW,BWI,SWA2120,WN 2120,Boeing 737-700,Southwest,2025-12-30T19:20:00Z
Departure,MDW,DEN,SWA2627,WN 2627,Boeing 737,Southwest,2025-12-30T20:00:00Z
Departure,MDW,CMH,LXJ512,LXJ 512,Bombardier Challenger 350,Flexjet,2025-12-30T20:00:00Z
Departure,MDW,DAL,SWA2993,WN 2993,Boeing 737-700,Southwest,2025-12-30T19:50:00Z
Departure,MDW,DEN,FFT1227,F9 1227,Airbus A320 NEO,Frontier,2025-12-30T20:01:00Z
Departure,MDW,YTZ,PTR2388,PTR 2388,De Havilland Canada DHC-8-400 Dash 8Q,PTR,2025-12-30T20:52:00Z
Departure,MDW,PHX,SWA1394,WN 1394,Boeing 737 MAX 8,Southwest,2025-12-30T20:05:00Z
Departure,MDW,PIT,SWA1505,WN 1505,Boeing 737-800,Southwest,2025-12-30T19:55:00Z
Departure,MDW,RIC,SWA2030,WN 2030,Boeing 737-800,Southwest,2025-12-30T20:00:00Z
Departure,MDW,ATL,SWA1586,WN 1586,Boeing 737 MAX 8,Southwest,2025-12-30T20:50:00Z
Departure,MDW,FWA,N357PT,N3 57PT,Gulfstream G280,Unknown/Private owner,2025-12-30T21:29:00Z
Departure,MDW,TEB,MVP665,MVP 665,Hawker 800,Unknown/Private owner,2025-12-30T21:33:00Z
Departure,MDW,MSP,SWA787,WN 787,Boeing 737-800,Southwest,2025-12-30T21:10:00Z
Departure,MDW,FLL,SWA2799,WN 2799,Boeing 737 MAX 8,Southwest,2025-12-30T20:05:00Z
Departure,MDW,CLE,SWA2662,WN 2662,Boeing 737-700,Southwest,2025-12-30T21:30:00Z
Departure,MDW,GMU,EJA852,1I 852,C700,NetJets Aviation,2025-12-30T21:30:00Z
Departure,MDW,MCO,FFT1458,F9 1458,Airbus A320,Frontier,2025-12-30T21:10:00Z
Departure,MDW,MLM,VOI7771,Y4 7771,Airbus A320 NEO,Volaris,2025-12-30T20:32:00Z
Departure,MDW,DTW,SWA1897,WN 1897,Boeing 737-800,Southwest,2025-12-30T21:15:00Z
Departure,MDW,DEN,SWA2982,WN 2982,Boeing 737,Southwest,2025-12-30T21:35:00Z
Departure,MDW,BNA,SWA3635,WN 3635,Boeing 737-800,Southwest,2025-12-30T21:35:00Z
Departure,MDW,CMH,SWA1415,WN 1415,Boeing 737 MAX 8,Southwest,2025-12-30T20:55:00Z
Departure,MDW,YTZ,PD 2394,PD 2394,Bombardier Dash 8 Q400 / DHC-8-400,Porter,2025-12-30T22:15:00Z
Departure,MDW,VPS,AAY1463,G4 1463,Airbus A319,Allegiant Air,2025-12-30T22:10:00Z
Departure,MDW,HOU,SWA2885,WN 2885,Boeing 737-800,Southwest,2025-12-30T20:50:00Z
Departure,MDW,LAX,SWA2256,WN 2256,Boeing 737 MAX 8,Southwest,2025-12-30T21:55:00Z
Departure,MDW,BOS,SWA3680,WN 3680,Boeing 737 MAX 8,Southwest,2025-12-30T22:05:00Z
Departure,MDW,RDU,SWA1874,WN 1874,Boeing 737-700,Southwest,2025-12-30T21:55:00Z
Departure,MDW,BJX,VOI7703,Y4 7703,Airbus A320 NEO,Volaris,2025-12-30T19:42:00Z
Departure,MDW,PHL,SWA1902,WN 1902,Boeing 737-800,Southwest,2025-12-30T22:00:00Z
Departure,MDW,MLM,Y4 7773,Y4 7773,Airbus A320 NEO,Volaris,2025-12-30T22:49:00Z
Departure,MDW,YTZ,PTR2394,PTR 2394,De Havilland Canada DHC-8-400 Dash 8Q,PTR,2025-12-30T22:50:00Z
Departure,MDW,DAL,SWA1808,WN 1808,Boeing 737 MAX 8,Southwest,2025-12-30T22:10:00Z
Departure,MDW,STL,SWA3207,WN 3207,Boeing 737-700,Southwest,2025-12-30T22:20:00Z
Departure,MDW,DCA,SWA3810,WN 3810,Boeing 737-800,Southwest,2025-12-30T21:10:00Z
Arrival,LAS,MDW,SWA3212,WN 3212,Boeing 737 MAX 8,Southwest,2025-12-30T11:05:00Z
Arrival,LAX,MDW,SWA1289,WN 1289,Boeing 737-800,Southwest,2025-12-30T11:15:00Z
Arrival,BDL,MDW,SWA869,WN 869,Boeing 737-800,Southwest,2025-12-30T12:30:00Z
Arrival,RDU,MDW,SWA3774,WN 3774,Boeing 737-800,Southwest,2025-12-30T12:30:00Z
Arrival,FWA,MDW,N357PT,N3 57PT,Gulfstream G280,Unknown/Private owner,2025-12-30T12:14:00Z
Arrival,SDF,MDW,SWA4289,WN 4289,Boeing 737-700,Southwest,2025-12-30T12:35:00Z
Arrival,PVD,MDW,SWA655,WN 655,Boeing 737 MAX 8,Southwest,2025-12-30T12:40:00Z
Arrival,MSP,MDW,SWA3703,WN 3703,Boeing 737 MAX 8,Southwest,2025-12-30T12:45:00Z
Arrival,ALB,MDW,SWA268,WN 268,Boeing 737 MAX 8,Southwest,2025-12-30T12:30:00Z
Arrival,CLT,MDW,SWA1982,WN 1982,Boeing 737-800,Southwest,2025-12-30T12:45:00Z
Arrival,MCI,MDW,SWA2251,WN 2251,Boeing 737,Southwest,2025-12-30T12:40:00Z
Arrival,PHL,MDW,SWA2046,WN 2046,Boeing 737 MAX 8,Southwest,2025-12-30T12:50:00Z
Arrival,ORF,MDW,SWA3714,WN 3714,Boeing 737-800,Southwest,2025-12-30T12:50:00Z
Arrival,STL,MDW,SWA1517,WN 1517,Boeing 737,Southwest,2025-12-30T12:50:00Z
Arrival,BOS,MDW,SWA1430,WN 1430,Boeing 737 MAX 8,Southwest,2025-12-30T13:00:00Z
Arrival,DCA,MDW,SWA2376,WN 2376,Boeing 737 MAX 8,Southwest,2025-12-30T13:05:00Z
Arrival,IND,MDW,SWA964,WN 964,Boeing 737-700,Southwest,2025-12-30T12:55:00Z
Arrival,GRR,MDW,SWA2828,WN 2828,Boeing 737-700,Southwest,2025-12-30T12:50:00Z
Arrival,CVG,MDW,SWA2098,WN 2098,Boeing 737-700,Southwest,2025-12-30T12:55:00Z
Arrival,LGA,MDW,SWA4843,WN 4843,Boeing 737-800,Southwest,2025-12-30T13:30:00Z
Arrival,CMH,MDW,SWA2031,WN 2031,Boeing 737-700,Southwest,2025-12-30T13:00:00Z
Arrival,BUF,MDW,SWA1467,WN 1467,Boeing 737-700,Southwest,2025-12-30T13:00:00Z
Arrival,CLE,MDW,SWA1371,WN 1371,Boeing 737 MAX 8,Southwest,2025-12-30T13:00:00Z
Arrival,PIT,MDW,SWA2365,WN 2365,Boeing 737-800,Southwest,2025-12-30T12:55:00Z
Arrival,DTW,MDW,SWA2872,WN 2872,Boeing 737 MAX 8,Southwest,2025-12-30T12:55:00Z
Arrival,TOL,MDW,LXJ557,LXJ 557,Bombardier Challenger 350,Flexjet,2025-12-30T13:02:00Z
Arrival,SAT,MDW,SWA2827,WN 2827,Boeing 737-800,Southwest,2025-12-30T13:45:00Z
Arrival,MEM,MDW,SWA650,WN 650,Boeing 737-700,Southwest,2025-12-30T13:55:00Z
Arrival,ENW,MDW,LKF53,LKF 53,Cessna 525B Citation CJ3,Aviation Advisor,2025-12-30T13:11:00Z
Arrival,FLL,MDW,SWA2435,WN 2435,Boeing 737-800,Southwest,2025-12-30T14:25:00Z
Arrival,BNA,MDW,SWA883,WN 883,Boeing 737-700,Southwest,2025-12-30T14:20:00Z
Arrival,MSY,MDW,SWA2156,WN 2156,Boeing 737-800,Southwest,2025-12-30T14:30:00Z
Arrival,MIA,MDW,SWA3679,WN 3679,Boeing 737-800,Southwest,2025-12-30T14:45:00Z
Arrival,BHM,MDW,SWA3541,WN 3541,Boeing 737-700,Southwest,2025-12-30T14:45:00Z
Arrival,ROC,MDW,SWA173,WN 173,Boeing 737 MAX 8,Southwest,2025-12-30T14:25:00Z
Arrival,TPA,MDW,SWA1506,WN 1506,Boeing 737-800,Southwest,2025-12-30T14:45:00Z
Arrival,OMA,MDW,SWA984,WN 984,Boeing 737 MAX 8,Southwest,2025-12-30T14:35:00Z
Arrival,DPA,MDW,LXJ658,LXJ 658,Gulfstream Aerospace G650,Flexjet,2025-12-30T14:13:00Z
Arrival,MCO,MDW,SWA1464,WN 1464,Boeing 737 MAX 8,Southwest,2025-12-30T14:40:00Z
Arrival,DEN,MDW,SWA497,WN 497,Boeing 737 MAX 8,Southwest,2025-12-30T14:45:00Z
Arrival,MCI,MDW,SWA1623,WN 1623,Boeing 737-700,Southwest,2025-12-30T14:40:00Z
Arrival,AUS,MDW,SWA671,WN 671,Boeing 737-800,Southwest,2025-12-30T14:40:00Z
Arrival,HOU,MDW,SWA851,WN 851,Boeing 737 MAX 8,Southwest,2025-12-30T14:40:00Z
Arrival,ATL,MDW,DAL1063,DL 1063,Boeing 717,Delta Air Lines,2025-12-30T15:05:00Z
Arrival,DTW,MDW,EDV5157,DL 5157,Canadair CRJ-701ER,Delta Air Lines,2025-12-30T14:49:00Z
Arrival,PGD,MDW,AAY876,G4 876,Airbus A320,Allegiant Air,2025-12-30T14:53:00Z
Arrival,IAD,MDW,WMN211,WMN 211,Gulfstream G150,WMN,2025-12-30T15:08:00Z
Arrival,ATL,MDW,SWA634,WN 634,Boeing 737-800,Southwest,2025-12-30T13:55:00Z
Arrival,BWI,MDW,SWA1752,WN 1752,Boeing 737-800,Southwest,2025-12-30T15:00:00Z
Arrival,PHX,MDW,SWA139,WN 139,Boeing 737 MAX 8,Southwest,2025-12-30T15:20:00Z
Arrival,SLC,MDW,SWA2015,WN 2015,Boeing 737 MAX 8,Southwest,2025-12-30T15:45:00Z
Arrival,DAL,MDW,SWA504,WN 504,Boeing 737-700,Southwest,2025-12-30T15:35:00Z
Arrival,MHT,MDW,SWA3804,WN 3804,Boeing 737 MAX 8,Southwest,2025-12-30T14:20:00Z
Arrival,GDL,MDW,VOI5978,Y4 5978,Airbus A320,Volaris,2025-12-30T15:40:00Z
Arrival,STL,MDW,SWA3721,WN 3721,Boeing 737 MAX 8,Southwest,2025-12-30T16:05:00Z
Arrival,ATL,MDW,SWA3162,WN 3162,Boeing 737-700,Southwest,2025-12-30T16:00:00Z
Arrival,YTZ,MDW,PD 2387,PD 2387,Bombardier Dash 8 Q400 / DHC-8-400,Porter,2025-12-30T16:05:00Z
Arrival,PHX,MDW,FFT1736,F9 1736,Airbus A320 NEO,Frontier,2025-12-30T16:19:00Z
Arrival,DCA,MDW,SWA2377,WN 2377,Boeing 737-700,Southwest,2025-12-30T16:20:00Z
Arrival,BNA,MDW,SWA1190,WN 1190,Boeing 737 MAX 8,Southwest,2025-12-30T16:10:00Z
Arrival,LGA,MDW,SWA3443,WN 3443,Boeing 737-800,Southwest,2025-12-30T16:25:00Z
Arrival,PHX,MDW,Y4 2235,Y4 2235,Airbus A320,Volaris,2025-12-30T16:19:00Z
Arrival,BWI,MDW,SWA1753,WN 1753,Boeing 737 MAX 8,Southwest,2025-12-30T16:25:00Z
Arrival,DEN,MDW,SWA2527,WN 2527,Boeing 737,Southwest,2025-12-30T17:00:00Z
Arrival,CMH,MDW,LXJ512,LXJ 512,Bombardier Challenger 350,Flexjet,2025-12-30T16:20:00Z
Arrival,HOU,MDW,SWA569,WN 569,Boeing 737 MAX 8,Southwest,2025-12-30T16:55:00Z
Arrival,MSP,MDW,SKW3778,DL 3778,Embraer 175,Delta Air Lines,2025-12-30T17:06:00Z
Arrival,PDX,MDW,SWA4016,WN 4016,Boeing 737-800,Southwest,2025-12-30T16:55:00Z
Arrival,TPA,MDW,SWA4346,WN 4346,Boeing 737-800,Southwest,2025-12-30T16:50:00Z
Arrival,BOS,MDW,SWA3724,WN 3724,Boeing 737 MAX 8,Southwest,2025-12-30T17:15:00Z
Arrival,ZCL,MDW,VOI7830,Y4 7830,Airbus A320 NEO,Volaris,2025-12-30T17:27:00Z
Arrival,OAK,MDW,SWA3808,WN 3808,Boeing 737 MAX 8,Southwest,2025-12-30T17:30:00Z
Arrival,MSP,MDW,SWA2609,WN 2609,Boeing 737-700,Southwest,2025-12-30T17:25:00Z
Arrival,LAX,MDW,SWA1777,WN 1777,Boeing 737-800,Southwest,2025-12-30T18:00:00Z
Arrival,ATL,MDW,DAL2417,DL 2417,Boeing 717,Delta Air Lines,2025-12-30T17:58:00Z
Arrival,LAS,MDW,SWA3206,WN 3204,Boeing 737-800,Southwest,2025-12-30T16:40:00Z
Arrival,PHX,MDW,SWA3722,WN 3722,Boeing 737-800,Southwest,2025-12-30T18:15:00Z
Arrival,SBN,MDW,SCW3973,SCW 3973,Canadair CRJ 200,SCW,2025-12-30T18:09:00Z
Arrival,TEB,MDW,EJM110,EJM 110,Bombardier Challenger 600,Executive Jet Management,2025-12-30T16:05:00Z
Arrival,MCO,MDW,SWA2972,WN 2972,Boeing 737-800,Southwest,2025-12-30T17:05:00Z
Arrival,CMH,MDW,SWA4198,WN 4198,Boeing 737-700,Southwest,2025-12-30T18:40:00Z
Arrival,SEA,MDW,SWA2120,WN 2120,Boeing 737-700,Southwest,2025-12-30T18:40:00Z
Arrival,SAV,MDW,SWA3690,WN 3690,Boeing 737-800,Southwest,2025-12-30T18:25:00Z
Arrival,RSW,MDW,SWA3688,WN 3688,Boeing 737-800,Southwest,2025-12-30T14:35:00Z
Arrival,SAN,MDW,SWA2153,WN 2153,Boeing 737-800,Southwest,2025-12-30T18:40:00Z
Arrival,SFO,MDW,SWA1475,WN 1475,Boeing 737-800,Southwest,2025-12-30T18:45:00Z
Arrival,DCA,MDW,SWA215,WN 215,Boeing 737-800,Southwest,2025-12-30T19:00:00Z
Arrival,DTW,MDW,SWA1668,WN 1668,Boeing 737-700,Southwest,2025-12-30T18:55:00Z
Arrival,MLM,MDW,VOI7770,Y4 7770,Airbus A320 NEO,Volaris,2025-12-30T19:04:00Z
Arrival,DAL,MDW,SWA265,WN 265,Boeing 737-700,Southwest,2025-12-30T19:10:00Z
Arrival,PHL,MDW,SWA2047,WN 2047,Boeing 737 MAX 8,Southwest,2025-12-30T19:20:00Z
Arrival,RSW,MDW,SWA3588,WN 3588,Boeing 737,Southwest,2025-12-30T19:00:00Z
Arrival,MSY,MDW,DAL8934,DL 8934,Boeing 757,Delta Air Lines,2025-12-30T19:03:00Z
Arrival,MSY,MDW,DAL8934,9E 8934,Boeing 757,Endeavor Air,2025-12-30T19:03:00Z
Arrival,MSP,MDW,SWA3717,WN 3717,Boeing 737-800,Southwest,2025-12-30T19:15:00Z
Arrival,EWR,MDW,FFT1413,F9 1413,Airbus A320 NEO,Frontier,2025-12-30T19:01:00Z
Arrival,BJX,MDW,VOI7702,Y4 7702,Airbus A320 NEO,Volaris,2025-12-30T18:27:00Z
Arrival,SJC,MDW,SWA3730,WN 3730,Boeing 737 MAX 8,Southwest,2025-12-30T20:05:00Z
Arrival,OMA,MDW,SWA878,WN 878,Boeing 737-800,Southwest,2025-12-30T20:05:00Z
Arrival,LGA,MDW,SWA3446,WN 3446,Boeing 737-800,Southwest,2025-12-30T19:10:00Z
Arrival,DEN,MDW,SWA2402,WN 2402,Boeing 737 MAX 8,Southwest,2025-12-30T19:20:00Z
Arrival,MGC,MDW,N3035W,N3 35W,BT36,Unknown/Private owner,2025-12-30T20:19:00Z
Arrival,DFW,MDW,FFT1888,F9 1888,Airbus A320,Frontier,2025-12-30T19:59:00Z
Arrival,ABQ,MDW,SWA204,WN 204,Boeing 737-800,Southwest,2025-12-30T20:20:00Z
Arrival,JAC,MDW,EJM435,EJM 435,Gulfstream Aerospace IV,Executive Jet Management,2025-12-30T20:29:00Z
Arrival,LAX,MDW,SWA3374,WN 3374,Boeing 737 MAX 8,Southwest,2025-12-30T20:10:00Z
Arrival,MSY,MDW,SWA2556,WN 2556,Boeing 737-800,Southwest,2025-12-30T20:30:00Z
Arrival,RDU,MDW,SWA1907,WN 1907,Boeing 737,Southwest,2025-12-30T20:50:00Z
Arrival,PHX,MDW,SWA4545,WN 4545,Boeing 737-800,Southwest,2025-12-30T20:35:00Z
Arrival,ELP,MDW,SWA1874,WN 1874,Boeing 737-700,Southwest,2025-12-30T21:15:00Z
Arrival,TUL,MDW,SWA2662,WN 2662,Boeing 737-700,Southwest,2025-12-30T20:50:00Z
Arrival,TPA,MDW,SWA4870,WN 4870,Boeing 737 MAX 8,Southwest,2025-12-30T21:10:00Z
Arrival,VPS,MDW,AAY1483,G4 1483,Airbus A319,Allegiant Air,2025-12-30T21:20:00Z
Arrival,BNA,MDW,SWA1191,WN 1191,Boeing 737 MAX 8,Southwest,2025-12-30T21:20:00Z
Arrival,STL,MDW,SWA4438,WN 4438,Boeing 737 MAX 8,Southwest,2025-12-30T21:20:00Z
Arrival,YTZ,MDW,PD 2393,PD 2393,Bombardier Dash 8 Q400 / DHC-8-400,Porter,2025-12-30T21:20:00Z
Arrival,MCO,MDW,SWA3602,WN 3602,Boeing 737-800,Southwest,2025-12-30T20:25:00Z
Arrival,DGO,MDW,VOI7866,Y4 7866,Airbus A320 NEO,Volaris,2025-12-30T21:09:00Z
Arrival,TEB,MDW,EJA924,1I 924,Cessna 680A Citation Latitude,NetJets Aviation,2025-12-30T21:40:00Z
Arrival,MCI,MDW,SWA2257,WN 2257,Boeing 737-800,Southwest,2025-12-30T21:05:00Z
Arrival,MLM,MDW,Y4 7772,Y4 7772,Airbus A320 NEO,Volaris,2025-12-30T21:34:00Z
Arrival,CLE,MDW,SWA2409,WN 2409,Boeing 737-700,Southwest,2025-12-30T21:30:00Z
Arrival,GRB,MDW,EJA690,1I 690,Cessna 680A Citation Latitude,NetJets Aviation,2025-12-30T17:33:00Z
Arrival,ECP,MDW,LXJ605,LXJ 605,Embraer Legacy 500,Flexjet,2025-12-30T20:34:00Z
Arrival,BWI,MDW,SWA3207,WN 3207,Boeing 737-700,Southwest,2025-12-30T21:40:00Z
Arrival,PHX,MDW,SWA4087,WN 4087,Boeing 737 MAX 8,Southwest,2025-12-30T21:35:00Z
Arrival,LAS,MDW,SWA1778,WN 1778,Boeing 737 MAX 8,Southwest,2025-12-30T21:40:00Z
Arrival,AUS,MDW,SWA1484,WN 1484,Boeing 737-800,Southwest,2025-12-30T21:55:00Z
Arrival,BOS,MDW,SWA1432,WN 1432,Boeing 737-800,Southwest,2025-12-30T22:10:00Z
Arrival,DCA,MDW,SWA697,WN 697,Boeing 737 MAX 8,Southwest,2025-12-30T22:20:00Z
Arrival,LGA,MDW,SWA3447,WN 3447,Boeing 737-800,Southwest,2025-12-30T21:35:00Z
Arrival,DEN,MDW,SWA2310,WN 2310,Boeing 737,Southwest,2025-12-30T21:35:00Z
Arrival,ATL,MDW,DAL1739,DL 1739,Boeing 717,Delta Air Lines,2025-12-30T22:20:00Z
Arrival,CMH,MDW,SWA491,WN 491,Boeing 737-700,Southwest,2025-12-30T22:10:00Z
Arrival,FLL,MDW,SWA2429,WN 2429,Boeing 737-700,Southwest,2025-12-30T22:05:00Z
Arrival,STL,MDW,EJA423,1I 423,Embraer Phenom 300,NetJets Aviation,2025-12-30T22:40:00Z
Arrival,DAL,MDW,SWA1776,WN 1776,Boeing 737-700,Southwest,2025-12-30T22:50:00Z
Arrival,PHX,MDW,SWA4401,WN 4401,Boeing 737-700,Southwest,2025-12-30T22:55:00Z
Arrival,PIT,MDW,SWA3042,WN 3042,Boeing 737 MAX 8,Southwest,2025-12-30T22:35:00Z
